data_id,data_name,model,Accuracy,Precision,Recall,F1-score,ROC-AUC score
10,data10_IC1_FM_label_wl_20_pw_0_unwo_dropped_1_1_ratio_full_data,XGBoost,0.7732394366197183,0.7661927330173776,0.7838383838383839,0.774915118833633,0.8718929576324366
11,data11_IC1_FM_label_wl_20_pw_0_unwo_dropped_1_4_ratio_full_data,XGBoost,0.8599597585513078,0.747141041931385,0.4670373312152502,0.5747800586510264,0.8632695706287696
12,data12_IC1_FM_label_wl_20_pw_0_unwo_dropped_1_1_ratio_max_5000,XGBoost,0.7307692307692307,0.7529411764705882,0.7529411764705882,0.7529411764705882,0.8374482187241095
13,data13_IC1_FM_label_wl_20_pw_0_unwo_dropped_1_1_ratio_max_2500,XGBoost,0.8,0.7708333333333334,0.8809523809523809,0.8222222222222222,0.8471177944862156
