data_id,data_name,model,Accuracy,Precision,Recall,F1-score,ROC-AUC score
10,data10_IC1_FM_label_wl_20_pw_0_unwo_dropped_1_1_ratio_full_data,Random Forest,0.7597585513078471,0.7489312087057909,0.7785858585858586,0.7634706814580031,0.8668387279609725
11,data11_IC1_FM_label_wl_20_pw_0_unwo_dropped_1_4_ratio_full_data,Random Forest,0.85738430583501,0.7601115760111576,0.4328832406671962,0.5516194331983806,0.8637499515951086
12,data12_IC1_FM_label_wl_20_pw_0_unwo_dropped_1_1_ratio_max_5000,Random Forest,0.7243589743589743,0.7625,0.7176470588235294,0.7393939393939394,0.8383595691797846
13,data13_IC1_FM_label_wl_20_pw_0_unwo_dropped_1_1_ratio_max_2500,Random Forest,0.775,0.7608695652173914,0.8333333333333334,0.7954545454545454,0.8558897243107769
